name_file,min_energy,pseudo_energy,log_min_evalue,covarying_bp,MPI,average_MFE_sample,sd_sample,zscore,sci
3_169765521_169765575_14_79.9_0.1_0.47_53.5_3.8_18_+.aln,-0.09407407407407407,-0.20981481481481482,-0.2638721261801697,0.0,79.9,-0.28296296296296297,6.18,-0.18,1.3693
3_169765534_169765593_14_81.4_0.1_0.43_42.8_3.4_11_+.aln,-0.05661016949152542,-0.12728813559322033,0.2606651540233544,0.0,81.4,-0.1764406779661017,4.37,-0.11,0.9761
3_169765537_169765600_14_81.8_0.2_0.41_42.1_2.9_6_+.aln,-0.05714285714285714,-0.11587301587301586,0.23725712987085282,0.0,81.8,-0.16873015873015873,4.73,-0.06,0.8782
3_169765521_169765575_14_79.9_0.1_0.47_53.5_3.8_78_-.aln,-0.15685185185185185,-0.2312962962962963,-0.7099030328808995,0.0,79.9,-0.31555555555555553,5.03,-0.78,1.3474
3_169765534_169765593_14_81.4_0.1_0.43_42.8_3.4_12_-.aln,-0.05661016949152542,-0.10355932203389831,-0.4472539341518833,0.0,81.4,-0.1652542372881356,4.64,-0.12,0.9447
3_169765457_169765545_14_74.7_0.1_0.62_54.2_8.8_6_+.aln,-0.06295454545454546,-0.24352272727272728,-0.31749932698813926,0.0,74.7,-0.3022727272727273,6.48,-0.06,1.2716
3_169765432_169765548_14_76.1_0.1_0.58_49.7_7.4_56_+.aln,-0.06482758620689655,-0.23396551724137932,-0.2738149788635776,0.0,76.1,-0.26474137931034486,6.96,-0.57,1.2822
3_169765380_169765546_14_76.2_0.1_0.57_46.4_20.5_51_+.aln,-0.06981927710843373,-0.19512048192771084,-0.493734504430815,0.0,76.2,-0.24542168674698797,8.43,-0.51,1.1111
3_169765388_169765592_14_76.9_0.1_0.55_44.5_6.1_165_+.aln,-0.06980392156862746,-0.19862745098039217,-0.14896619674923825,0.0,76.9,-0.20622549019607844,8.73,-1.65,1.1992
3_169765138_169765214_14_64.5_0.2_0.85_54.4_9.7_67_+.aln,-0.05447368421052631,-0.16210526315789475,0.15924526293609664,0.0,64.5,-0.17434210526315788,4.81,-0.67,0.7732
3_169765138_169765214_14_64.5_0.2_0.85_54.4_9.7_40_-.aln,-0.03355263157894737,-0.1611842105263158,0.16048954001912571,0.0,64.5,-0.16973684210526316,4.79,-0.4,0.8702
3_169765374_169765582_14_76.7_0.1_0.56_45.5_17.7_36_+.aln,-0.08048076923076922,-0.184375,-0.49819198586806573,0.0,76.7,-0.25403846153846155,9.82,-0.36,1.0967
3_169765380_169765546_14_76.2_0.1_0.57_46.4_20.5_4_-.aln,-0.056204819277108437,-0.19054216867469878,-1.4987886928311795,0.0,76.2,-0.2632530120481928,7.92,-0.04,1.0044
3_169765360_169765544_14_76.2_0.1_0.57_45.4_18.9_68_+.aln,-0.07434782608695652,-0.19211956521739132,-0.5030606703105819,0.0,76.2,-0.2533695652173913,8.54,-0.68,1.1686
3_169765116_169765209_14_64.8_0.2_0.83_56.8_9.3_139_+.aln,-0.11473118279569892,-0.17903225806451611,-0.02955967216464644,0.0,64.8,-0.20827956989247312,6.09,-1.39,0.8533
3_169765120_169765292_14_67.1_0.2_0.77_52.5_17.7_28_+.aln,-0.033255813953488374,-0.13325581395348837,-0.25990270602740745,0.0,67.1,-0.1997674418604651,7.68,-0.28,0.6614
3_169765116_169765209_14_64.8_0.2_0.83_56.8_9.3_138_-.aln,-0.08279569892473118,-0.17537634408602149,-1.7386467121806,1.0,64.8,-0.19043010752688172,6.19,-1.38,0.9219
3_169765388_169765592_14_76.9_0.1_0.55_44.5_6.1_160_-.aln,-0.06892156862745098,-0.20573529411764704,-1.415991223241356,0.0,76.9,-0.2231372549019608,8.78,-1.6,1.1555
3_169765360_169765544_14_76.2_0.1_0.57_45.4_18.9_49_-.aln,-0.07364130434782609,-0.18820652173913044,-1.4426311687928366,0.0,76.2,-0.26304347826086955,7.63,-0.49,1.0303
3_169765097_169765208_14_68.0_0.2_0.76_62.5_7.9_51_+.aln,-0.1518918918918919,-0.18036036036036035,0.028794848648937492,0.0,68.0,-0.29126126126126123,8.87,-0.51,0.8923
3_169765374_169765582_14_76.7_0.1_0.56_45.5_17.7_23_-.aln,-0.051875,-0.21091346153846152,-1.2181448567535926,0.0,76.7,-0.26971153846153845,8.99,-0.23,1.0455
3_169765097_169765208_14_68.0_0.2_0.76_62.5_7.9_74_-.aln,-0.1318918918918919,-0.18576576576576578,0.0022697614900240378,0.0,68.0,-0.2811711711711712,6.69,-0.74,0.9452
3_169765107_169765282_14_68.7_0.2_0.73_55.3_17.2_6_+.aln,-0.05537142857142857,-0.1652,-0.0240211871994449,0.0,68.7,-0.24548571428571428,8.23,-0.06,0.7231
3_169765092_169765198_14_66.8_0.2_0.78_63.3_8.3_180_+.aln,-0.17952830188679247,-0.2321698113207547,0.041601885741593146,0.0,66.8,-0.29273584905660377,6.99,-1.8,1.1452
3_169765095_169765225_14_68.6_0.2_0.74_62.2_7.5_49_+.aln,-0.1376153846153846,-0.1816923076923077,0.1798819821826559,0.0,68.6,-0.2883846153846154,9.41,-0.49,0.8938
3_169765092_169765198_14_66.8_0.2_0.78_63.3_8.3_123_-.aln,-0.11858490566037735,-0.22490566037735849,-1.0414361167780326,0.0,66.8,-0.2729245283018868,7.13,-1.23,1.1066
3_169765091_169765231_14_69.4_0.2_0.72_62.8_7.5_100_+.aln,-0.1475,-0.215,0.12448140095096687,0.0,69.4,-0.3037142857142857,8.79,-1.0,0.9543
3_169765095_169765225_14_68.6_0.2_0.74_62.2_7.5_36_-.aln,-0.10946153846153847,-0.19338461538461538,0.24416822420338685,0.0,68.6,-0.2772307692307692,9.24,-0.36,0.9165
3_169765091_169765231_14_69.4_0.2_0.72_62.8_7.5_80_-.aln,-0.12778571428571428,-0.19714285714285715,-0.09428451201377223,0.0,69.4,-0.28714285714285714,8.61,-0.8,0.9295
3_169765069_169765207_14_69.7_0.2_0.71_62.4_6.5_79_+.aln,-0.15862318840579712,-0.21434782608695652,0.20203307742629037,0.0,69.7,-0.3139855072463768,10.36,-0.79,0.9656
3_169765081_169765282_14_70.7_0.2_0.68_56.5_15.3_57_+.aln,-0.08039800995024876,-0.207363184079602,0.19142306668780784,0.0,70.7,-0.27805970149253734,10.23,-0.58,0.8679
3_169765069_169765207_14_69.7_0.2_0.71_62.4_6.5_64_-.aln,-0.12492753623188405,-0.20108695652173914,-1.0928709148545954,0.0,69.7,-0.29884057971014494,8.2,-0.64,0.932
3_169765057_169765281_14_70.5_0.2_0.69_58.7_14.9_65_+.aln,-0.08665178571428571,-0.2005357142857143,0.26118433173055716,0.0,70.5,-0.2921875,11.77,-0.65,0.8666
3_169765081_169765282_14_70.7_0.2_0.68_56.5_15.3_77_-.aln,-0.08412935323383085,-0.20378109452736318,-0.6347685492398706,0.0,70.7,-0.2735323383084577,8.17,-0.77,0.8987
3_169765053_169765282_14_70.9_0.2_0.68_59.1_14.6_51_+.aln,-0.08729257641921397,-0.20384279475982534,0.25536900426644127,0.0,70.9,-0.3,11.38,-0.51,0.8656
3_169765051_169765283_14_71.1_0.2_0.68_58.8_14.4_52_+.aln,-0.08189655172413793,-0.20620689655172414,0.28667199159842793,0.0,71.1,-0.2943534482758621,11.97,-0.52,0.8578
3_169765057_169765281_14_70.5_0.2_0.69_58.7_14.9_80_-.aln,-0.09924107142857143,-0.20290178571428572,-1.0279754534109682,0.0,70.5,-0.2835267857142857,12.33,-0.8,0.8861
3_169765046_169765282_14_71.6_0.2_0.67_59.5_14.2_49_+.aln,-0.10038135593220339,-0.18597457627118644,0.2905243084366904,0.0,71.6,-0.285635593220339,11.76,-0.49,0.832
3_169765053_169765282_14_70.9_0.2_0.68_59.1_14.6_80_-.aln,-0.09240174672489083,-0.21903930131004365,-0.9136116919322443,0.0,70.9,-0.2978602620087336,10.8,-0.8,0.901
3_169765031_169765282_14_72.3_0.2_0.65_60.6_13.5_38_+.aln,-0.10872509960159363,-0.19286852589641432,0.2567562199748459,0.0,72.3,-0.2960557768924303,12.59,-0.38,0.8469
3_169765051_169765283_14_71.1_0.2_0.68_58.8_14.4_95_-.aln,-0.10974137931034483,-0.22034482758620688,-0.9787321214188874,0.0,71.1,-0.2992672413793104,10.93,-0.95,0.9265
3_169765009_169765061_14_88.6_0.1_0.27_64.2_4.8_82_+.aln,-0.1575,-0.20923076923076925,0.45414790606183786,0.0,88.6,-0.2882692307692308,7.7,-0.82,1.8613
3_169765009_169765061_14_88.6_0.1_0.27_64.2_4.8_121_-.aln,-0.33576923076923076,-0.2246153846153846,-0.09626339584027004,0.0,88.6,-0.40576923076923077,7.69,-1.21,1.516
3_169765046_169765282_14_71.6_0.2_0.67_59.5_14.2_84_-.aln,-0.12228813559322034,-0.204364406779661,-0.9462917099670325,0.0,71.6,-0.29860169491525423,11.48,-0.84,0.8799
3_169765031_169765282_14_72.3_0.2_0.65_60.6_13.5_87_-.aln,-0.14741035856573706,-0.21119521912350597,0.053332028158868394,0.0,72.3,-0.33167330677290835,12.64,-0.87,0.9175
3_169764982_169765113_14_84.4_0.1_0.36_67.8_3.3_32_+.aln,-0.24290076335877864,-0.21572519083969466,0.035709837827861815,0.0,84.4,-0.4403053435114504,10.86,-0.32,1.3231
3_169764982_169765113_14_84.4_0.1_0.36_67.8_3.3_125_-.aln,-0.3364885496183206,-0.23053435114503817,-0.14995447427780398,0.0,84.4,-0.5087786259541985,9.6,-1.25,1.2432
3_169764966_169765114_14_85.4_0.1_0.34_68.4_3.0_7_+.aln,-0.2664189189189189,-0.23013513513513514,0.12096856501937658,0.0,85.4,-0.49668918918918925,12.46,-0.07,1.3417
3_169764924_169764990_14_96.0_0.1_0.08_63.3_0.0_114_+.aln,-0.4043939393939394,-0.22030303030303028,0.6003814608128445,0.0,96.0,-0.5013636363636365,7.07,-1.15,1.5493
3_169764966_169765114_14_85.4_0.1_0.34_68.4_3.0_92_-.aln,-0.33391891891891895,-0.24993243243243243,-0.03355882470069227,0.0,85.4,-0.5447972972972973,10.44,-0.92,1.281
3_169764924_169764990_14_96.0_0.1_0.08_63.3_0.0_118_-.aln,-0.42742424242424243,-0.22924242424242425,0.6004283257321311,0.0,96.0,-0.5151515151515151,7.91,-1.18,1.5334
3_169764912_169765036_14_91.8_0.1_0.19_59.8_1.4_132_+.aln,-0.35258064516129034,-0.2608064516129033,0.8265321914684822,0.0,91.8,-0.5073387096774193,10.4,-1.32,1.651
3_169764917_169765057_14_92.4_0.1_0.17_63.0_1.2_94_+.aln,-0.3271428571428571,-0.25207142857142856,0.8295514109195153,0.0,92.4,-0.4896428571428571,14.04,-0.94,1.6443
3_169764912_169765036_14_91.8_0.1_0.19_59.8_1.4_146_-.aln,-0.36701612903225805,-0.27645161290322584,0.1449445231128805,0.0,91.8,-0.5091129032258065,11.46,-1.46,1.5625
3_169764917_169765057_14_92.4_0.1_0.17_63.0_1.2_130_-.aln,-0.3817142857142857,-0.286,0.06473869233821165,0.0,92.4,-0.5732857142857143,10.2,-1.3,1.5625
3_169764910_169765111_14_88.2_0.1_0.27_65.4_2.2_36_+.aln,-0.30905472636815917,-0.23860696517412935,0.9425447574019181,0.0,88.2,-0.5349751243781095,13.71,-0.36,1.3899
3_169764909_169765041_14_91.8_0.1_0.19_61.3_1.3_112_+.aln,-0.34621212121212125,-0.25681818181818183,0.8856427415949129,0.0,91.8,-0.5157575757575757,10.71,-1.13,1.5899
3_169764892_169764982_14_91.7_0.1_0.19_57.7_3.9_153_+.aln,-0.3396666666666667,-0.27366666666666667,0.6816563330379093,0.0,91.7,-0.4598888888888889,9.04,-1.53,1.6603
3_169764892_169764982_14_91.7_0.1_0.19_57.7_3.9_127_-.aln,-0.2902222222222222,-0.25755555555555554,0.6007279237058787,0.0,91.7,-0.4112222222222222,9.63,-1.27,1.6657
3_169764909_169765041_14_91.8_0.1_0.19_61.3_1.3_141_-.aln,-0.36477272727272725,-0.26984848484848484,0.21950069771775296,0.0,91.8,-0.5231060606060606,10.46,-1.41,1.5504
3_169764923_169765208_14_80.3_0.2_0.46_62.6_4.7_34_+.aln,-0.23136842105263158,-0.20368421052631577,0.10383107722706943,0.0,80.3,-0.42505263157894735,14.27,-0.34,1.1143
3_169764908_169765106_14_88.3_0.1_0.27_64.5_2.2_72_+.aln,-0.31257575757575756,-0.25222222222222224,-0.0014381561413204656,0.0,88.3,-0.5245454545454545,12.55,-0.72,1.4341
3_169764875_169764970_14_92.3_0.1_0.17_54.4_3.7_148_+.aln,-0.2890526315789474,-0.26894736842105266,-1.1663016012359275,0.0,92.3,-0.45,7.44,-1.48,1.6582
3_169764883_169765027_14_91.3_0.1_0.2_54.1_3.6_154_+.aln,-0.32493055555555556,-0.2534027777777778,0.8273188609471308,0.0,91.3,-0.47951388888888885,9.8,-1.54,1.5166
3_169764875_169764970_14_92.3_0.1_0.17_54.4_3.7_141_-.aln,-0.2583157894736842,-0.24957894736842107,0.7698069763836953,0.0,92.3,-0.3738947368421053,8.21,-1.41,1.7786
3_169764910_169765111_14_88.2_0.1_0.27_65.4_2.2_57_-.aln,-0.34348258706467666,-0.24407960199004977,0.16234630845957654,0.0,88.2,-0.5679601990049751,13.13,-0.58,1.314
3_169764883_169765027_14_91.3_0.1_0.2_54.1_3.6_147_-.aln,-0.2829166666666667,-0.24805555555555556,0.4160977161716515,0.0,91.3,-0.4189583333333333,10.98,-1.47,1.5473
3_169764869_169765048_14_90.7_0.1_0.21_58.8_2.9_121_+.aln,-0.32145251396648045,-0.23469273743016758,0.9767157879359923,0.0,90.7,-0.4976536312849162,10.14,-1.21,1.5111
3_169764908_169765106_14_88.3_0.1_0.27_64.5_2.2_40_-.aln,-0.3144444444444444,-0.2689393939393939,0.0348569725379345,0.0,88.3,-0.5695959595959597,13.33,-0.4,1.3244
3_169764860_169765061_14_90.6_0.1_0.21_60.3_3.1_40_+.aln,-0.29761194029850746,-0.23781094527363184,0.8006194884950991,0.0,90.6,-0.5223880597014925,12.85,-0.4,1.4984
3_169764863_169765085_14_87.6_0.1_0.28_62.1_3.6_28_+.aln,-0.26887387387387385,-0.22815315315315315,0.9768852940983856,0.0,87.6,-0.48986486486486486,14.22,-0.29,1.3266
3_169764869_169765048_14_90.7_0.1_0.21_58.8_2.9_124_-.aln,-0.3242458100558659,-0.2515642458100559,0.1717995610487246,0.0,90.7,-0.49949720670391057,11.82,-1.24,1.5123
3_169764923_169765208_14_80.3_0.2_0.46_62.6_4.7_86_-.aln,-0.2746315789473684,-0.2150877192982456,0.03740657571846351,0.0,80.3,-0.4682456140350877,13.05,-0.86,1.1518
3_169764854_169765045_14_90.5_0.1_0.22_60.3_2.8_184_+.aln,-0.34607329842931933,-0.2650261780104712,0.04023038049753062,0.0,90.5,-0.5210471204188482,10.65,-1.84,1.4158
3_169764860_169765061_14_90.6_0.1_0.21_60.3_3.1_123_-.aln,-0.33318407960199004,-0.25611940298507463,0.4838083101630657,0.0,90.6,-0.5197512437810945,11.2,-1.23,1.467
3_169764849_169765047_14_90.3_0.1_0.22_60.6_2.7_151_+.aln,-0.34035353535353535,-0.2687878787878788,0.05731989942427621,0.0,90.3,-0.5343434343434343,11.38,-1.51,1.4107
3_169764854_169765045_14_90.5_0.1_0.22_60.3_2.8_233_-.aln,-0.3669633507853403,-0.2771204188481675,-0.43822145425846176,0.0,90.5,-0.49664921465968587,12.24,-2.33,1.5002
3_169764863_169765085_14_87.6_0.1_0.28_62.1_3.6_40_-.aln,-0.2971621621621622,-0.25454954954954956,0.2814651731995283,0.0,87.6,-0.5292342342342342,14.3,-0.4,1.3323
3_169764841_169765115_14_87.7_0.1_0.28_64.4_2.9_86_+.aln,-0.30678832116788324,-0.253029197080292,-0.08615966705276162,0.0,87.7,-0.5308029197080292,13.39,-0.86,1.3397
3_169764849_169765047_14_90.3_0.1_0.22_60.6_2.7_212_-.aln,-0.36944444444444446,-0.28045454545454546,-0.4146092144556528,0.0,90.3,-0.5205555555555555,12.27,-2.12,1.499
3_169764838_169765082_14_87.9_0.1_0.28_63.9_3.3_80_+.aln,-0.30262295081967217,-0.26618852459016396,-2.1313955255883483,1.0,87.9,-0.5285245901639345,15.35,-0.8,1.3763
3_169764837_169765078_14_88.4_0.1_0.26_64.0_3.3_97_+.aln,-0.30809128630705396,-0.26950207468879667,-3.753592522272771,1.0,88.4,-0.5322821576763486,13.79,-0.97,1.401
3_169764827_169765111_14_87.8_0.1_0.28_65.0_2.8_76_+.aln,-0.30940140845070424,-0.27070422535211264,0.1578494804529017,0.0,87.8,-0.5523239436619719,14.54,-0.76,1.3543
3_169764825_169765048_14_90.1_0.1_0.22_63.1_2.4_108_+.aln,-0.35641255605381167,-0.2699551569506727,-0.08872943609752608,0.0,90.1,-0.5747982062780269,12.9,-1.08,1.4175
3_169764838_169765082_14_87.9_0.1_0.28_63.9_3.3_146_-.aln,-0.35200819672131145,-0.2733606557377049,-0.41878673025940133,0.0,87.9,-0.5536065573770492,13.85,-1.46,1.3968
3_169764841_169765115_14_87.7_0.1_0.28_64.4_2.9_82_-.aln,-0.32835766423357665,-0.26536496350364963,-0.34057444010884325,0.0,87.7,-0.5590145985401459,13.91,-0.82,1.3345
3_169764837_169765078_14_88.4_0.1_0.26_64.0_3.3_145_-.aln,-0.3473858921161826,-0.2805394190871369,-3.3860440719376017,1.0,88.4,-0.5573029045643154,12.75,-1.45,1.4203
3_169764825_169765048_14_90.1_0.1_0.22_63.1_2.4_165_-.aln,-0.37327354260089685,-0.28394618834080715,-0.7519801169585005,0.0,90.1,-0.544932735426009,15.42,-1.65,1.4993
3_169764817_169765048_14_89.7_0.1_0.23_63.7_2.8_183_+.aln,-0.3748051948051948,-0.27354978354978354,0.25270986004018886,0.0,89.7,-0.5715151515151515,11.18,-1.83,1.4276
3_169764827_169765111_14_87.8_0.1_0.28_65.0_2.8_104_-.aln,-0.33788732394366194,-0.2769014084507042,-0.2943158560175978,0.0,87.8,-0.5659507042253521,15.05,-1.04,1.3518
3_169764814_169765057_14_89.9_0.1_0.23_64.7_2.6_135_+.aln,-0.37246913580246915,-0.27600823045267486,0.22042976539282078,0.0,89.9,-0.5883127572016461,12.6,-1.35,1.4272
3_169764805_169765047_14_89.8_0.1_0.23_64.8_2.7_109_+.aln,-0.3775206611570248,-0.2740909090909091,0.5945229296549992,1.0,89.8,-0.5923553719008264,14.02,-1.09,1.4304
3_169764803_169765057_14_90.0_0.1_0.22_65.3_2.6_125_+.aln,-0.379763779527559,-0.27779527559055117,0.05540891441658893,0.0,90.0,-0.6076771653543307,12.3,-1.25,1.4448
3_169764817_169765048_14_89.7_0.1_0.23_63.7_2.8_174_-.aln,-0.3603463203463203,-0.27411255411255414,-0.3565127787357648,0.0,89.7,-0.5210389610389611,15.25,-1.74,1.4719
3_169764794_169765048_14_90.1_0.1_0.22_65.7_2.6_141_+.aln,-0.3947244094488189,-0.2838582677165354,-0.035052927574821015,0.0,90.1,-0.6050787401574803,15.63,-1.41,1.4479
3_169764814_169765057_14_89.9_0.1_0.23_64.7_2.6_134_-.aln,-0.37691358024691357,-0.2880658436213992,-0.7491337332866769,0.0,89.9,-0.5737037037037037,17.33,-1.34,1.4876
3_169764805_169765047_14_89.8_0.1_0.23_64.8_2.7_163_-.aln,-0.36566115702479335,-0.27603305785123966,-0.5118739151766157,0.0,89.8,-0.5499586776859504,13.86,-1.63,1.4708
3_169764803_169765057_14_90.0_0.1_0.22_65.3_2.6_130_-.aln,-0.3756692913385827,-0.2821259842519685,-0.4909454050047321,0.0,90.0,-0.5840944881889765,14.98,-1.3,1.4871
3_169764782_169765056_14_90.7_0.1_0.21_66.7_2.4_120_+.aln,-0.3924452554744526,-0.2869343065693431,0.3299792615751731,0.0,90.7,-0.6255109489051094,14.3,-1.2,1.4508
3_169764794_169765048_14_90.1_0.1_0.22_65.7_2.6_144_-.aln,-0.37673228346456694,-0.28996062992125987,-0.5286965514109759,0.0,90.1,-0.5815354330708662,16.8,-1.44,1.5189
3_169764774_169765048_14_90.6_0.1_0.21_66.6_2.4_115_+.aln,-0.3933941605839416,-0.29164233576642334,0.26627874663110207,0.0,90.6,-0.6345255474452556,14.9,-1.16,1.4548
3_169764772_169765049_14_90.5_0.1_0.21_66.4_2.4_124_+.aln,-0.39166064981949456,-0.28913357400722023,-0.08769290024375508,0.0,90.5,-0.6193862815884477,15.69,-1.24,1.4415
3_169764768_169765057_14_90.5_0.1_0.21_66.6_2.3_112_+.aln,-0.38152249134948096,-0.28730103806228374,-2.6195856103375625E-4,0.0,90.5,-0.6192041522491349,15.23,-1.12,1.4517
3_169764782_169765056_14_90.7_0.1_0.21_66.7_2.4_148_-.aln,-0.39762773722627737,-0.29883211678832117,-0.39562488633366216,0.0,90.7,-0.6081386861313869,17.74,-1.48,1.5069
3_169764767_169765047_14_90.4_0.1_0.21_66.6_2.3_91_+.aln,-0.38010714285714287,-0.28535714285714286,0.1662879901467175,0.0,90.4,-0.6257857142857143,15.92,-0.91,1.4399
3_169764774_169765048_14_90.6_0.1_0.21_66.6_2.4_143_-.aln,-0.39299270072992704,-0.2982846715328467,-0.5500004516890253,0.0,90.6,-0.6083941605839416,16.36,-1.43,1.5082
3_169764751_169764820_14_94.4_0.1_0.12_77.0_0.2_122_+.aln,-0.4591304347826087,-0.3652173913043478,0.4027650438846213,0.0,94.4,-0.6728985507246377,8.43,-1.22,1.7301
3_169764772_169765049_14_90.5_0.1_0.21_66.4_2.4_150_-.aln,-0.39314079422382675,-0.29505415162454873,-0.13665453335791106,0.0,90.5,-0.592274368231047,18.13,-1.5,1.4947
3_169764751_169764820_14_94.4_0.1_0.12_77.0_0.2_128_-.aln,-0.49753623188405793,-0.3720289855072464,0.4010540010087609,0.0,94.4,-0.6814492753623189,8.64,-1.28,1.7283
3_169764748_169764823_14_93.4_0.1_0.14_74.6_1.3_122_+.aln,-0.44439999999999996,-0.3373333333333333,0.4005362625714877,0.0,93.4,-0.6662666666666667,7.77,-1.22,1.6353
3_169764748_169764823_14_93.4_0.1_0.14_74.6_1.3_109_-.aln,-0.474,-0.3424,0.4130246797015895,0.0,93.4,-0.6668,8.56,-1.09,1.6669
3_169764731_169764823_14_93.2_0.1_0.15_74.3_1.1_152_+.aln,-0.42239130434782607,-0.35717391304347823,-0.5169136070991208,0.0,93.2,-0.6442391304347826,8.66,-1.52,1.7134
3_169764725_169764821_14_93.7_0.1_0.14_75.8_0.1_154_+.aln,-0.44072916666666667,-0.3388541666666667,0.4676376987478915,0.0,93.7,-0.64625,9.18,-1.54,1.7045
3_169764731_169764823_14_93.2_0.1_0.15_74.3_1.1_135_-.aln,-0.47423913043478266,-0.34630434782608693,0.47483083665053016,0.0,93.2,-0.6711956521739131,8.79,-1.35,1.6834
3_169764725_169764821_14_93.7_0.1_0.14_75.8_0.1_148_-.aln,-0.5085416666666667,-0.3597916666666667,0.46456554976950337,0.0,93.7,-0.7155208333333333,8.6,-1.48,1.6015
3_169764721_169764833_14_91.2_0.1_0.2_76.4_3.1_140_+.aln,-0.4545535714285714,-0.37008928571428573,-0.11082552238158884,0.0,91.2,-0.7058928571428572,9.57,-1.4,1.5426
3_169764717_169764835_14_91.0_0.1_0.2_77.0_3.0_192_+.aln,-0.4726271186440678,-0.36957627118644065,0.1302726412662768,0.0,91.0,-0.7005932203389831,9.96,-1.92,1.5516
3_169764721_169764833_14_91.2_0.1_0.2_76.4_3.1_123_-.aln,-0.47098214285714285,-0.3472321428571429,0.4766650059411154,0.0,91.2,-0.7358928571428571,10.05,-1.23,1.5947
3_169764768_169765057_14_90.5_0.1_0.21_66.6_2.3_124_-.aln,-0.38775086505190315,-0.2948096885813149,-0.3004267454959416,0.0,90.5,-0.6160553633217993,17.28,-1.24,1.4887
3_169764717_169764835_14_91.0_0.1_0.2_77.0_3.0_148_-.aln,-0.4997457627118644,-0.365,0.45245347812147074,0.0,91.0,-0.7645762711864407,11.02,-1.48,1.591
3_169764715_169764841_14_90.9_0.1_0.2_76.8_2.8_143_+.aln,-0.4735714285714286,-0.3714285714285714,0.3092020486814606,0.0,90.9,-0.7429365079365079,9.04,-1.43,1.5325
3_169764713_169764838_14_90.9_0.1_0.2_77.0_2.8_144_+.aln,-0.47184,-0.37239999999999995,0.32802060144182116,0.0,90.9,-0.74552,10.26,-1.44,1.5406
3_169764767_169765047_14_90.4_0.1_0.21_66.6_2.3_156_-.aln,-0.38957142857142857,-0.2918928571428572,-0.11317550398365878,0.0,90.4,-0.5860714285714286,17.51,-1.56,1.5045
3_169764765_169765057_14_90.4_0.1_0.21_66.9_2.2_111_+.aln,-0.3902054794520548,-0.2906164383561644,0.07547761472053852,0.0,90.4,-0.6298972602739726,15.85,-1.11,1.4494
3_169764715_169764841_14_90.9_0.1_0.2_76.8_2.8_169_-.aln,-0.4915873015873016,-0.3515079365079365,0.45322198938676334,0.0,90.9,-0.7444444444444445,9.58,-1.69,1.5806
3_169764696_169764854_14_87.8_0.1_0.26_76.2_4.3_78_+.aln,-0.390126582278481,-0.3267721518987342,-0.3629037153146087,0.0,87.8,-0.6810759493670886,11.89,-0.78,1.4321
3_169764713_169764838_14_90.9_0.1_0.2_77.0_2.8_218_-.aln,-0.51136,-0.36863999999999997,0.5329428295467182,0.0,90.9,-0.74152,10.0,-2.18,1.587
3_169764691_169764852_14_87.9_0.1_0.26_75.9_4.3_152_+.aln,-0.45173913043478264,-0.3460248447204969,0.14965319013469855,0.0,87.9,-0.6932298136645962,12.32,-1.52,1.4822
3_169764696_169764854_14_87.8_0.1_0.26_76.2_4.3_106_-.aln,-0.43202531645569625,-0.3222784810126582,-0.31465781697193057,0.0,87.8,-0.7093037974683544,10.94,-1.06,1.4499
3_169764677_169764874_14_87.9_0.1_0.26_75.4_3.9_119_+.aln,-0.4336548223350254,-0.32299492385786804,0.20703892478546856,0.0,87.9,-0.6938071065989848,14.09,-1.19,1.426
3_169764691_169764852_14_87.9_0.1_0.26_75.9_4.3_204_-.aln,-0.49677018633540376,-0.3416149068322981,0.2903663301722527,0.0,87.9,-0.7011801242236025,13.0,-2.04,1.491
3_169764677_169764867_14_88.0_0.1_0.26_75.1_4.4_169_+.aln,-0.45005263157894737,-0.3348947368421053,0.32146586447025816,0.0,88.0,-0.6967368421052631,10.97,-1.69,1.4897
3_169764619_169764680_14_89.9_0.1_0.22_72.7_2.6_68_+.aln,-0.33327868852459014,-0.2845901639344262,0.599957266802885,0.0,89.9,-0.5713114754098361,6.2,-0.68,1.4465
3_169764619_169764680_14_89.9_0.1_0.22_72.7_2.6_36_-.aln,-0.3408196721311475,-0.28442622950819674,0.264893345917631,0.0,89.9,-0.6065573770491803,6.5,-0.36,1.4018
3_169764618_169764687_14_90.1_0.1_0.22_71.5_2.3_41_+.aln,-0.296231884057971,-0.2727536231884058,0.6014656871758172,0.0,90.1,-0.5866666666666667,6.58,-0.41,1.418
3_169764618_169764687_14_90.1_0.1_0.22_71.5_2.3_60_-.aln,-0.31115942028985505,-0.2518840579710145,0.42072622632120377,0.0,90.1,-0.583768115942029,6.56,-0.6,1.3735
3_169764617_169764684_14_89.5_0.1_0.23_72.1_2.4_88_+.aln,-0.306865671641791,-0.2808955223880597,0.6012993101943376,0.0,89.5,-0.566865671641791,5.96,-0.88,1.411
3_169764617_169764684_14_89.5_0.1_0.23_72.1_2.4_62_-.aln,-0.32044776119402985,-0.25940298507462684,0.41535235503369194,0.0,89.5,-0.6091044776119403,5.49,-0.62,1.3659
3_169764580_169764668_14_71.8_0.2_0.65_68.5_28.2_95_+.aln,-0.22647727272727272,-0.2531818181818182,-0.502003906510953,0.0,71.8,-0.4085227272727273,7.02,-0.95,1.1957
3_169764651_169764857_14_88.1_0.1_0.25_75.4_4.1_124_+.aln,-0.42092233009708735,-0.3346601941747573,0.435395193007155,0.0,88.1,-0.6823300970873787,13.7,-1.24,1.4942
3_169764580_169764668_14_71.8_0.2_0.65_68.5_28.2_82_-.aln,-0.20136363636363636,-0.30818181818181817,-1.5588895526909277,0.0,71.8,-0.44886363636363635,6.51,-0.82,1.0898
3_169764570_169764669_14_71.7_0.2_0.65_68.3_26.4_137_+.aln,-0.16828282828282828,-0.342020202020202,-0.5584321085063851,0.0,71.7,-0.4074747474747475,7.7,-1.37,1.2782
3_169764677_169764867_14_88.0_0.1_0.26_75.1_4.4_114_-.aln,-0.44694736842105265,-0.3276842105263158,0.4311964481326541,0.0,88.0,-0.7192631578947368,13.56,-1.15,1.5141
3_169764677_169764874_14_87.9_0.1_0.26_75.4_3.9_134_-.aln,-0.4614720812182741,-0.3113197969543147,-0.36202021460034617,0.0,87.9,-0.7147208121827412,11.55,-1.34,1.452
3_169764570_169764669_14_71.7_0.2_0.65_68.3_26.4_229_-.aln,-0.2687878787878788,-0.3581818181818182,-1.532899731275951,0.0,71.7,-0.46202020202020205,7.13,-2.29,1.2517
3_169764569_169764668_14_71.5_0.2_0.66_67.9_26.4_126_+.aln,-0.2183838383838384,-0.29373737373737374,-0.6024840697262387,0.0,71.5,-0.4163636363636363,7.92,-1.26,1.2903
3_169764499_169764556_13_72.5_0.2_0.61_62.4_5.7_159_+.aln,-0.14877192982456142,-0.252280701754386,0.33710768992849954,0.0,72.5,-0.2650877192982456,4.86,-1.59,1.4225
3_169764765_169765057_14_90.4_0.1_0.21_66.9_2.2_138_-.aln,-0.39558219178082193,-0.29592465753424657,-0.46981567532501384,0.0,90.4,-0.6160616438356163,16.34,-1.38,1.4853
3_169764491_169764556_13_72.4_0.2_0.61_59.5_5.9_125_+.aln,-0.13769230769230767,-0.22692307692307692,-0.3542810968343302,0.0,72.4,-0.25953846153846155,5.61,-1.25,1.3489
3_169764569_169764668_14_71.5_0.2_0.66_67.9_26.4_181_-.aln,-0.24505050505050507,-0.34464646464646465,-1.5211681031761104,0.0,71.5,-0.46060606060606063,7.08,-1.81,1.2097
3_169764475_169764557_13_74.6_0.1_0.57_58.8_8.7_152_+.aln,-0.1171951219512195,-0.2173170731707317,-0.009258122262042465,0.0,74.6,-0.25353658536585366,6.33,-1.52,1.3743
3_169764491_169764556_13_72.4_0.2_0.61_59.5_5.9_118_-.aln,-0.14153846153846153,-0.2429230769230769,-0.9480259907625425,0.0,72.4,-0.2935384615384615,5.33,-1.18,1.2922
3_169764555_169764693_14_74.0_0.2_0.6_68.0_21.8_231_+.aln,-0.23050724637681158,-0.31268115942028984,-1.031811817927168,0.0,74.0,-0.4229710144927536,8.24,-2.32,1.2743
3_169764475_169764557_13_74.6_0.1_0.57_58.8_8.7_56_-.aln,-0.10560975609756097,-0.2271951219512195,0.49624862750015175,0.0,74.6,-0.3169512195121951,6.37,-0.57,1.2095
3_169764461_169764556_13_74.9_0.1_0.56_58.9_7.7_182_+.aln,-0.17052631578947366,-0.2483157894736842,-0.9176239925619527,0.0,74.9,-0.2827368421052632,7.11,-1.82,1.4208
3_169764461_169764556_13_74.9_0.1_0.56_58.9_7.7_150_-.aln,-0.16052631578947368,-0.25505263157894736,-0.34856690852050703,0.0,74.9,-0.3142105263157895,7.16,-1.5,1.3089
3_169764437_169764555_13_73.7_0.1_0.59_57.5_8.9_129_+.aln,-0.1585593220338983,-0.24008474576271185,-0.055487224389318704,0.0,73.7,-0.30711864406779665,8.41,-1.29,1.4132
3_169764555_169764693_14_74.0_0.2_0.6_68.0_21.8_81_-.aln,-0.20978260869565216,-0.29297101449275365,-1.3150765800405244,0.0,74.0,-0.4657246376811594,8.44,-0.81,1.0765
3_169764437_169764555_13_73.7_0.1_0.59_57.5_8.9_122_-.aln,-0.1401694915254237,-0.24220338983050846,-0.9296185298912998,0.0,73.7,-0.3333050847457627,7.2,-1.22,1.3037
3_169764651_169764857_14_88.1_0.1_0.25_75.4_4.1_129_-.aln,-0.44854368932038835,-0.32985436893203884,-0.3029459801559473,0.0,88.1,-0.7265533980582524,11.88,-1.29,1.5099
3_169764471_169764690_14_71.5_0.2_0.66_64.9_19.5_111_+.aln,-0.1730593607305936,-0.2917808219178082,-0.7365296339388153,0.0,71.5,-0.4213698630136986,11.06,-1.11,1.2149
3_169763852_169764028_14_65.2_0.2_0.79_49.4_23.4_56_+.aln,-0.07409090909090908,-0.14755681818181818,-0.7672782675143527,0.0,65.2,-0.1915909090909091,9.51,-0.57,0.6987
3_169764416_169764632_14_65.6_0.1_0.81_62.4_21.9_34_+.aln,-0.10837962962962963,-0.19824074074074075,-0.8192435076964416,0.0,65.6,-0.29305555555555557,9.68,-0.34,0.865
3_169764326_169764556_12_71.1_0.1_0.68_53.4_9.6_36_+.aln,-0.08382608695652174,-0.19947826086956522,-0.5975425842863819,0.0,71.1,-0.290695652173913,11.25,-0.36,1.1699
3_169763824_169764027_14_66.7_0.2_0.75_50.6_22.8_10_+.aln,-0.04566502463054187,-0.169064039408867,-0.3678718434747604,0.0,66.7,-0.2151231527093596,9.49,-0.1,0.6712
3_169763852_169764028_14_65.2_0.2_0.79_49.4_23.4_33_-.aln,-0.005056818181818182,-0.15045454545454545,-0.962996048974053,1.0,65.2,-0.14306818181818182,9.08,-0.33,0.656
3_169764471_169764690_14_71.5_0.2_0.66_64.9_19.5_27_-.aln,-0.1754794520547945,-0.29200913242009136,-0.9853450775535582,0.0,71.5,-0.4580365296803653,10.46,-0.27,1.08
3_169764416_169764632_14_65.6_0.1_0.81_62.4_21.9_43_-.aln,-0.1275,-0.20120370370370372,-1.9581259096917454,0.0,65.6,-0.3220833333333333,9.15,-0.43,0.8226
